TITLE,VIDEO
Ant Media Server Case Study: Spotlighter App,https://www.youtube.com/watch?v=ouvvarOgw2I
Real-Time Streaming Hackathon: Team Medicant's Presentation,https://www.youtube.com/watch?v=Z_7eCG5zkdA
Real-Time Streaming Hackathon: Team Pirates of Ipoly's Presentation,https://www.youtube.com/watch?v=zdNshIJPp6E
Real-Time Streaming Hackathon: Team Real Captions's Presentation,https://www.youtube.com/watch?v=ck2zQ-Tl7Tw
Real-Time Streaming Hackathon: Team Nova4's Presentation,https://www.youtube.com/watch?v=l9WdM0HMfXA
Real-Time Streaming Hackathon: Team Streamway's Presentation,https://www.youtube.com/watch?v=v-3ciXNJHnQ
Real-Time Streaming Hackathon: Team Colony's Presentation,https://www.youtube.com/watch?v=Ankn4sdrwFQ
Real-Time Streaming Hackathon: Team JS Assistant's Presentation,https://www.youtube.com/watch?v=A-tHGNJebuY
Real-Time Streaming Hackathon: Team Cyberworld's Presentation,https://www.youtube.com/watch?v=YaMiQQJDdRk
Real-Time Streaming Hackathon: Team Bola's Presentation,https://www.youtube.com/watch?v=EFe1I0149ws
Real Time Streaming Hackathon Adventure,https://www.youtube.com/watch?v=hFZIad-pLxI
Real-Time Streaming Hackathon: Klask Final Presentation - #hackathon,https://www.youtube.com/watch?v=72HrZMiKBFs
New Conferencing Solution - Webinar,https://www.youtube.com/watch?v=I8QcO3Zolks
Ant Media - Hackathon,https://www.youtube.com/watch?v=k1sntZyM-ao
Ant Media Server: Real-Time Streaming Engine 3,https://www.youtube.com/watch?v=XF1rwf2PAEw
Ant Media Server: Real-Time Streaming Engine 2,https://www.youtube.com/watch?v=O4r3GCx3jNs
Ant Media Server: Real-Time Streaming Engine,https://www.youtube.com/watch?v=aN8oH4_3Urc
Ant Media Server Onboarding Tutorial,https://www.youtube.com/watch?v=N5Vu5MlQdoc
Webinar: How to Build Your Own Streaming Platform with Ant Media Server?,https://www.youtube.com/watch?v=n15SKKjrLmI
Webinar: Mastering Live Streaming at Scale âŽ® Streaming Media,https://www.youtube.com/watch?v=SKTgC3YGlb0
Webinar: Real Time Streaming with a Massive Audience,https://www.youtube.com/watch?v=aY-5uts-fTk
Pay As You Go License - Ant Media,https://www.youtube.com/watch?v=NWriiBpnveo
Plugin Structure - In Collaboration with Tsahi Levent-Levi (BlogGeek.me),https://www.youtube.com/watch?v=hiEr3Y4ya7Q
How to live stream to Social Media simultaneously?,https://www.youtube.com/watch?v=NVhYthQk_js
How to Use OBS with Ant Media Server?,https://www.youtube.com/watch?v=Om5U6KD8Vas
Microsoft Azure Marketplace Quick Start Guide - Ant Media,https://www.youtube.com/watch?v=uE8uzWhKSBE
Webinar: Introduction to WebRTC - How does WebRTC work?,https://www.youtube.com/watch?v=rgHHqOhJ5qY
Ant Media Server Clustering Solution - In Collaboration with Tsahi Levent-Levi (BlogGeek.me),https://www.youtube.com/watch?v=YLsJorglw0k
How to Install Ant Media Server & Enable SSL? - Updated for (2022),https://www.youtube.com/watch?v=0m27oDIb95s
Introduction to Ant Media Server - In Collaboration with Tsahi Levent-Levi (BlogGeek.me),https://www.youtube.com/watch?v=xF9P5NBCw1o
Mixing and Routing in WebRTC Streaming - In Collaboration with Tsahi Levent-Levi (BlogGeek.me),https://www.youtube.com/watch?v=stO7n2hfd1c
Streaming Protocols and Low Latency -  In Collaboration with Tsahi Levent-Levi (BlogGeek.me),https://www.youtube.com/watch?v=TqjbZRFQfF4
What is WebRTC? In Collaboration with Tsahi Levent-Levi (BlogGeek.me),https://www.youtube.com/watch?v=ZE_t1X7Reik
AWS Marketplace Quick Start Guide - Ant Media,https://www.youtube.com/watch?v=EH6v-yUyzjU
MCU Video Conferencing - Merge Streams into a Single Stream in 4 Steps,https://www.youtube.com/watch?v=buGLLvk8zkw
How to Build  Auto Scalable Real-time Streaming Platform with Ant Media Server on Alibaba Cloud,https://www.youtube.com/watch?v=KZWDF0CUGNM
Ant Hours Webinar: Introducing the Plugin Mechanism,https://www.youtube.com/watch?v=BYkUCPrTrL4
Live Coding: Resolving REST API - Cannot set endpointServiceID 2846,https://www.youtube.com/watch?v=fNe-b78ANgY
"AMS Community Event, Ant Hours: Stream Security",https://www.youtube.com/watch?v=74CB4Ji3CVw
Demonstration new Features in Ant Media Server 2.3 to Lovely Users,https://www.youtube.com/watch?v=o7YqF8xP71Q
Ant Media Server Trailer - Real-Time Video Streaming Platform,https://www.youtube.com/watch?v=qLXpPsw3zrE
Build Your Own Real-Time Video Streaming Platform With Ant Media Server in Less Than 5 Minutes!,https://www.youtube.com/watch?v=chszuecx_f0
Setting up an Ant Media Server Scaling Solution with CloudFormation In 5 minutes,https://www.youtube.com/watch?v=y7bP0u0jQRQ
Ultra-Low Latency Streaming Use Cases,https://www.youtube.com/watch?v=--G3_BLUqXA
WebRTC Load Testing in 5 Minutes,https://www.youtube.com/watch?v=H-RxZkvo1C0
How to Pull IP Camera Streams with Ant Media Server?,https://www.youtube.com/watch?v=QMDDVaz-lQI
3D Environment 3DReconstruction and Playing in Mobile Sample 1 (Early Prototype),https://www.youtube.com/watch?v=TT3qhxnFfnI
3D Environment Reconstruction and Playing in Mobile Sample 2 (Early Prototype),https://www.youtube.com/watch?v=5sIJrcc2k2o
How to Develop a Live Streaming Mobile App in Ant Media Server ?,https://www.youtube.com/watch?v=-azHuHdqBbE
How to Enable SSL on Ant Media Server ?,https://www.youtube.com/watch?v=gxkUHyH-WpU
